,3,1,9,7,6,2,4,0,5,8
0,governors,futures,history,productivity,infrastructure,friedman,crisis,conferences,fintechs,employment
1,governor,analysts,eu,innovation,housing,rate,crises,academia,fintech,workforces
2,institutions,data,globally,economics,infrastructures,stein,disasters,celebration,banker,employed
3,congress,forecasts,global,economic,homebuyers,critic,disruptions,college,finance,labor
4,law,forecasters,airlines,entrepreneurial,households,gfc,stressful,accomplishment,bankers,workforce
5,laws,forecast,tribes,wealth,nonprofits,framework,stress,institution,financial,wages
6,judicial,forecasting,regional,efficiency,homeowners,bernanke,stable,emerging,loans,employers
7,federal,speculative,reaganites,economy,rents,liquid,risk,meeting,finances,payrolls
8,independence,optimism,delta,externalities,homes,transparency,resilient,academic,funding,employees
9,committee,phones,naval,demand,residential,criticism,resilience,education,banking,unemployment
10,policy,mobile,middle,growth,communities,modal,resiliency,graduate,dollars,hiring
11,partisan,iphone,providence,prosperity,community,scrutiny,health,ai,financials,payroll
12,independent,prediction,massachusetts,economist,homebuilders,recovered,stressed,graduates,investments,unemployed
13,legislation,optimistic,mexico,economies,farms,libor,illness,organizers,investors,agency
14,regulated,uncertainties,flight,economists,household,disclosure,deaths,lawyers,banks,unions
15,regulate,expectations,island,economically,farmers,disclosures,sustaining,celebrate,bank,panelists
16,administrations,2021,warships,entrepreneurship,metropolitan,frbny,easing,brain,market,supervisory
17,policymakers,indefinitely,japan,recessionary,detroit,chairman,shortfalls,graduation,traders,commissioner
18,regulating,predictable,travel,deficits,rural,affirmed,recover,men,funds,hoover
19,amendment,hurricane,indigenous,consumption,residents,ecb,stability,opportunities,markets,bureau
