,0,1,2,3,4,5,6,7,8,9,10,11,12,13,14,15,16,17,18,19
word_0,reserve emergency,institutions broadly,liquidity crisis,pacific basin,financial regulatory,discussed mitigate,apparent recession,shocks emerging,banking stable,macroeconomics fed,funds rate,recent crisis,moderation inflation,strengthening financial,fed community,covid crisis,resilient forecast,sector innovation,businesses encouraging,improve incentives
word_1,reserve begun,institutions tougher,market strengthening,purchases committee,directed regulated,risk oversight,recession note,2020 collapse,banks continued,government economic,treasury rate,conducted crisis,policy inflation,strengthen financial,federal home,financial pandemic,2021 stabilized,american development,income race,contingent working
word_2,research reserve,institutions systemically,markets stabilized,adjustments committee,regulatory framework,vulnerable businesses,suggesting recessions,global slump,banking stress,stimulus economy,monetary policy,highlighted crisis,inflation targeting,financial systems,fed efforts,concern covid,stability decline,innovation remarks,income young,consistent employment
word_3,america reserve,treat institutions,market turmoil,board reiterated,regulatory review,conditions broadly,recession level,great depression,banking improving,economy financial,easing monetary,crisis following,guiding inflation,financial intermediation,disparities federal,pandemic impact,stability today,productive resources,households facing,robust unemployment
word_4,reserve efforts,tighten institutions,market strengthened,basel committee,federal regulatory,risk reforms,recession heightened,shocks trends,banks struggling,economy committee,monetary policies,contribute crisis,inflation committee,preserve financial,raised federal,covid disruptions,reliable regime,implications aggregate,households wage,labor markets
word_5,reserve reform,institutions staggering,liquidity helping,fomc commitment,framework regulation,rising vulnerabilities,pre recession,easing optimistic,strengthen banking,foundation economy,policy easing,challenges crisis,inflation goals,promote financial,opportunities federal,disruptions covid,economy stability,developments outlook,businesses colorado,labor oversaw
word_6,reserve 2008,board governors,market disruptions,sec proposed,financial regulation,vulnerable speculative,recession frustratingly,cautiously optimistic,strengthening banking,economic financial,fiscal boost,crisis progress,target inflation,financial infrastructure,fed policymakers,affected pandemic,stabilization affordable,value technical,social benefits,strong unemployment
word_7,reserve helping,institutions low,strengthen market,committee recalibrating,regulation supervision,risk improve,recent recessions,implications transition,banks increasingly,economy payroll,economy monetary,crisis great,fight inflation,fellow financial,crisis federal,resilient covid,financial instability,systemic footprint,income communities,weak jobs
word_8,reserve community,institutions changes,asset markets,note conference,regulatory oversight,firms fragility,recessions federal,optimistic growth,large banking,financial macroeconomic,monetary easing,financial crisis,bias inflation,financial intermediaries,agencies responsive,pandemic affected,financial stability,benefit americans,income minority,better labor
word_9,reserve began,buffer policymakers,capital liquidity,conference remarks,regulation discussed,stress businesses,following recession,abrupt changes,banks improving,economic relief,regulation monetary,crisis efforts,inflation target,financial law,interventions federal,banking pandemic,stabilizing economy,sector ensure,income middle,continued labor
word_10,trillion reserves,institutions necessarily,liquidity operational,authorized emergency,regulatory foundations,risks technological,recession ensuing,world transition,banks stress,economy public,review monetary,19 crisis,lower inflation,resilient financial,development federal,hardship pandemic,optimistic recovery,indicators present,households rapid,passed labor
word_11,reserve 2019,institutions proposing,markets tightening,endorsed basel,regulated clearing,emerging risks,onset recession,life changing,banking reforms,report economy,crisis monetary,crises stan,influence inflation,revolutionizing financial,policymakers fed,businesses pandemic,stability monetary,innovation dizzying,income neighborhoods,benefits assistance
word_12,reserve responsibility,institutions serving,liquidity shocks,great opportunity,regulatory tiering,supervisory stress,recession sustained,global tightening,banks expanding,economy meeting,monetary policymaking,crisis bcbs,sustained inflation,finance ongoing,fed agencies,pandemic disrupted,stability prompted,indicators think,income housing,nation workforce
word_13,reserve ongoing,institutions distorted,markets react,2019 committee,working regulatory,risks central,impacts recession,weakening global,central banking,current economic,challenge monetary,crisis intensified,inflation tightening,securities financing,insights federal,pandemic mitigation,stability efforts,institutions extraordinary,households significantly,expanding workforces
word_14,stuffy reserve,institutional context,markets market,reassessment committee,regulatory reform,implications imbalances,combat recessions,positive outlook,central bankers,relief economic,guidance monetary,crisis emerged,inflation stabilizing,nation financial,influence fed,banks pandemic,stability financial,improving opportunity,firms community,promoting workforce
word_15,reserve approaching,discretion policyholders,market drastically,july encouraging,regulatory resolution,systemic risks,preceding recessions,trends suddenly,core banking,economic interests,monetary tightening,crisis passage,anchored inflation,securities lending,topics federal,pandemic concerning,robust fiscal,strengthen infrastructure,income children,intensity tenure
word_16,reserve continues,fiscal policymakers,asset bubble,research conference,regulatory frameworks,vigilance necessary,recessions featured,optimistic frb,affect banking,macroeconomic supervisory,increased spending,preceding crisis,responding inflation,large financial,fed independence,pandemic forbearance,stable prices,supporting aggregate,income residents,strengthening labor
word_17,reserve facilitates,institutional information,markets unlikely,bullard chairman,regulation reporting,risks positioned,effects recession,tightening expectations,leverage banking,2019 economy,treasury market,crisis overall,inflation environment,talk financial,improvements federal,challenges covid,rate stable,prospects partnership,motivate residents,job seek
word_18,reserve noted,institutions necessary,markets want,mexico recovery,strengthened regulatory,shocks recourse,recession emerging,factors disrupting,banking critical,income american,approaches monetary,crisis inquiry,stable inflation,resiliency financial,federal disaster,pandemic profound,spending robust,opportunities barriers,housing entrepreneurship,workforce challenges
word_19,reserve experts,oversight authority,markets looking,eccles building,suggests regulatory,firm risk,recessions significantly,recovery raising,minority banking,economy running,reserve monetary,crisis stronger,concerned inflation,structure financial,discussions federal,impact covid,price stability,business students,aspirations opportunities,employment stronger
word_20,reserve conducted,policy lean,markets review,basel discussions,changing regulatory,risks global,recession financial,prospect disruptive,banking issues,help economy,dollar fluctuations,accumulation crisis,rising inflation,financial resilient,club fed,following pandemic,sector resilient,institutions contrast,households lower,lower unemployment
word_21,reserve amended,institutional memory,comprehensive liquidity,committee fomc,bring regulation,tests leverage,previous recessions,downward trend,banks resilience,economy second,monetary conditions,crisis improved,inflation recovery,finance reforms,federal funds,pandemic durables,economic resiliency,global systemically,americans entrenching,managers running
word_22,reserve congress,agencies policymaking,emerging markets,europe defending,cra regulatory,committees risk,recession growth,cycle critical,banking systemically,contributions economy,monetary policymakers,crisis strengthened,concerns inflation,safeguarding financial,raise federal,virus businesses,stabilizing financial,business startups,households inequality,jobs strong
word_23,reserve doing,stimulus policy,recovery markets,nations conference,regulatory attack,improvement stress,recession goal,recovery expansion,central banks,economy doing,international monetary,crisis came,inflation outcomes,seeking financial,concerns fed,deal pandemic,goals stability,businesses stakeholders,housing continues,transitions labor
word_24,fed reserve,oversight strengthened,liquidity functioning,chairman powell,regulatory arsenal,opportunities risks,recession onset,concerns raise,strengthen banks,economy finally,implementation monetary,1940s crisis,recent inflation,financial climate,raising federal,forecasts pandemic,critical dynamic,strengthens organizations,households americans,strong labor
word_25,reserve research,interests taxpayers,bond markets,csbs state,regulatory regime,uncertainty future,recession weak,regimens improved,concern banks,howard economists,stance monetary,crisis gfc,increase inflation,lending risky,fed doing,forecasting pandemic,stability commentators,decentralization innovations,housing bubble,workforce economic
word_26,reserve welcome,government accountability,opaque market,framework ample,ensuring regulations,improve safety,deep recessions,recent budget,banks improve,economy concerns,quantitative easing,crisis period,conference inflation,community financing,proposed fed,coronavirus economic,resilient improvements,industry stakeholders,positive housing,recovery labor
word_27,reserve advancing,fiscal policy,market centrally,fomc early,global regulatory,dealing uncertainties,entering recession,potential progress,banks mitigate,economy reassessment,tightening monetary,crisis primacy,continued inflation,financial conduct,achieving federal,discussing pandemic,stability easing,innovation relates,rural housing,grow unemployment
word_28,reserves considerably,transparency policy,liquidity topics,mccracken lecture,stronger regulatory,risks larger,recession pace,difficult predict,resiliency banking,economy solid,disruptions dollar,financial crises,rate inflation,improved finances,fed plans,pandemic customers,asia robust,interests arab,families faced,creeping labor
word_29,reserve board,fiscal policies,market integrity,brookings scholars,multiple regulatory,firms risks,severe recession,2022 implications,banks thrive,domestic demand,treasury markets,directors crisis,future inflation,protects financial,progress federal,education pandemic,stability federal,revised outlook,housing demand,recovery employment
word_30,reserve centralized,governors outlook,liquidity positions,nation central,regulatory structures,risks moderate,deeper recessions,forecasts strengthening,banking cured,economy soon,global monetary,crisis stable,heard inflation,rebuild financial,stable federal,pandemic levels,cycle resilience,important emerging,affordable housing,employment stable
word_31,reserve challenges,panelists revisit,supply disruptions,proposed basel,reforms regulation,stress nonbanking,crisis recession,growth continued,supporting banks,income americans,benchmark treasury,crisis blueprint,inflation stubbornly,crypto financial,effectiveness fed,pandemic fiscal,stability fed,achieving global,support affordable,achieving employment
word_32,reserve dialogue,eu supervision,market surprises,conference benefits,regulatory reforms,undesirable consequences,recession increasingly,downturn ongoing,banks facing,strong economy,payments policy,crisis fsb,rates inflation,financial reform,considering federal,2019 pandemic,stability worry,analyze american,community reinvestment,increase employment
word_33,reserve proposals,current policymakers,open market,dodd rule,regulation systemic,explore stress,recessions followed,large declines,community bankers,economy 2021,uncertainty monetary,crisis quarterly,inflation expectations,financial innovation,constitute fed,pandemic unfolded,risk stability,potential innovations,women housing,jobs pace
word_34,reserve proposal,principle accountability,weakening exchange,res 2022,foreign regulatory,future stress,recession unconventional,emerging clearing,resilience banking,economy significant,fiscal monetary,crisis small,ongoing inflation,credit markets,increase federal,onset pandemic,stability goals,systemwide impact,equitable recovery,labor market
word_35,reserve announced,policy proposals,volatile capital,brookings special,analysis regulation,risks financial,recession challenging,trend sustainable,rethink banking,changes economy,implications monetary,crisis examining,communicating inflation,century financial,important federal,pandemic aid,stability extraordinary,paper argues,entrepreneurial communities,spike unemployment
word_36,reserve working,policymaking yield,market practices,dodd understanding,regulators 2021,understand risks,deep recession,lower decades,recapitalization banking,supportive economic,payment improvement,crises emes,inflation risk,effects financial,federalists creditors,pandemic continued,resilience basel,evaluation capital,wealth contribute,businesses running
word_37,reserve criticism,policy challenges,spillovers unconventional,fomc mandate,improve regulation,individuals risk,great recession,forecasters rebounded,community banking,economy stabilized,implications dollar,sib crisis,inflation employment,feedback financial,questions fed,households pandemic,stability concerns,current strategy,underserved households,declining unemployment
word_38,reserve mandate,reforms reasons,emerging market,great institution,regulation insurance,risks nonbank,july recession,announcements following,banking community,economy recovering,employment monetary,crisis survive,core inflation,resilience financial,risk federal,19 pandemic,firm resiliency,bis innovation,experiences housing,review unemployment
word_39,reserve start,proposals advocated,market tantrums,conference anticipated,regulation protect,risks dodd,suffer recession,winter resurgence,banks expanded,economy return,nominal wage,crisis implemented,inflation united,harming financial,reducing fed,pandemic unemployment,capital strengthening,fail institutions,distressed residential,workers overrepresented
word_40,reserve supervisory,fsb policy,liquidity exacerbate,committee outlook,regulatory benchmarks,risks iais,ensuing recessions,easing unconventional,resilient banks,2020 economy,fed monetary,crisis leveraged,inflation weakened,resolution financial,federal health,ahead coronavirus,systemic stability,wisdom productivity,housing market,wage growth
word_41,reserve development,lawyers policymakers,securities sense,progress fomc,principle regulation,risk declining,recession commonalities,growth securitization,encouraging banks,economy solidly,spending declines,reforms crisis,inflation shortfalls,financial inclusion,fed asset,recovery pandemic,stability banking,technology transforming,strengthening housing,left workforce
word_42,reserve year,policy shocks,firms systemically,mervyn noted,improving regulation,financial stress,recession lower,prospects decline,banking industry,ensure economy,treasury yields,crisis purpose,inflation shocks,systemic financial,issues federal,pandemic workers,stability mandate,increasingly interconnected,legacy disparities,fed labor
word_43,reserve decisions,helps policymakers,trade transparency,canadian association,regulations reflect,global risk,recession testing,downturn report,inability banks,stronger economy,recovery monetary,crisis tailoring,inflationary history,financial architecture,behavior federal,driven virus,resilience reforms,development efforts,housing milestones,zero unemployment
word_44,reserve review,support stimulus,curtail liquidity,recent fomc,measures regulatory,risks shadow,recession improving,colorado experiencing,banking risks,recent gdp,reporting easing,annually crisis,employment inflation,credit liquidity,fed fdic,coronavirus outbreak,recovery flows,swedish innovation,diversity economists,labor indicators
word_45,reserve transparency,important reform,term liquidity,committee rule,regulation seeking,vulnerabilities conditions,recession softening,starts reducing,predicting banks,economy integration,monetary fiscal,frontlines crisis,decline inflation,financial covid,recovery federal,spending vaccinations,capacity recovery,substantial progress,force rural,adapting jobs
word_46,reserve delay,policy future,greater spillovers,symposium euro,regulation safeguarding,regime risk,recessions compared,forecasters anticipated,reduce banks,economy broadly,markets treasury,crisis triparty,progress inflation,counterparties financial,fed usual,expenditure covid,resilience great,explained dissertation,income median,unemployment serve
word_47,reserve projecting,policies aimed,market services,congress provided,regulatory goals,vulnerabilities systematic,eased recession,losses globally,banking firms,economic recovery,monetary frameworks,crisis maturity,inflation alarmingly,finance roadmap,fed facilitated,recover pandemic,resilience liquidity,future relevance,residents improve,market employment
word_48,reserve help,reform principles,intermediary equilibrium,congress assigned,liquidity regulatory,vulnerabilities triggers,recessions advantaged,china emerging,banking significant,economy challenges,calibrating monetary,crisis marginalization,inflation persist,weakening financial,federal budget,covid 19,stability banks,topic remarks,business tribal,emergency unemployment
word_49,reserve early,policy concerns,trade implications,2019 running,capital regulation,securitization exposures,magnifying recession,explanations decline,bankers discuss,reopening economy,complexities monetary,crisis housing,inflation continues,dollar lending,increases federal,end pandemic,depression robust,historical perspective,local efforts,2020 unemployment
word_50,reserve achieving,policymakers safeguarding,market distracted,committee judgment,enforced enforcement,stresses emerged,end recession,rebuilding lower,banking colleagues,economy strong,spending roughly,crisis mexican,inflation high,finance crypto,fdic understand,faced coronavirus,responsibilities stability,compliance trend,housing community,unemployment soaring
word_51,reserve highly,policy fundamentals,day liquidity,jmcb diversity,lending regulation,shocks rational,recession far,recent indicators,engaging banking,economy monolithic,england monetary,crisis changes,inflation continue,financial fragility,perspective federal,daily covid,stability oversight,reform viable,greatest households,workers lack
word_52,reserve innovation,implementing reforms,adjustment firms,mellon regarding,regulatory challenges,minimizing risk,recession young,deficits anchored,banking regulated,economy covid,ramped fiscal,crisis exacerbated,inflation running,definition financial,fed governor,payments coronavirus,strong frameworks,set opportunities,urban renewal,restored unemployment
word_53,reserve committed,legislation directs,spillovers conventional,open israel,regulation countries,personal risks,recession people,russia continuing,banks discussed,issues macroeconomist,consistent treasury,crisis capital,inflation rising,financial disruption,recent federal,covid event,robust capital,understanding technological,concern housing,long unemployment
word_54,reserve district,policy critical,global supply,tmpg members,liquidity regulation,global conditions,recession great,delta disrupting,banks securitized,macroeconomic developments,treasury levels,unreliable crisis,rise inflation,financial markets,federal open,covid consumption,stabilizing macroprudential,insights emerged,community moving,regained unemployment
word_55,reserve calendar,enabling policyholders,businesses shifting,news conference,improve regulations,stress continue,19 recession,held predictable,reserve banks,economy day,retail spending,crisis regulatory,inflation fallen,effectiveness financial,fed conference,longer covid,equilibria usefulness,facilitate transactions,farms communities,tightening labor
word_56,reserve csbs,laws efficacy,flexible exchange,feature dodd,regulatory minimum,risks g20,recession review,power decline,banking conference,quarter gdp,fiscal contraction,mexican crisis,return inflation,globalized financial,cleveland fed,coronavirus aid,concern stablecoins,term issues,neighborhoods serving,unemployment minorities
word_57,reserve researching,term reforms,businesses balance,basel requirements,challenges regulator,vulnerable runs,severity recession,january worsening,banks innovating,suggest economy,conduct monetary,crisis consumers,mexico inflation,financial education,stabilizing federal,covid surveys,institutions resilient,consumer automate,serving communities,jobs suffer
word_58,sheet reserves,earlier policy,liquidity interconnectedness,confident fomc,regulations rules,risks modal,recession moderate,run sustainable,banks reasons,economic security,importance dollar,crisis impact,readings inflation,reviving lending,fdic difficult,pandemic april,collateral weakened,balancing work,families wealth,forecast unemployment
word_59,reserve want,help policymakers,liquidity requirements,fomc guidance,state regulator,foreign shocks,recession income,steadily improving,banks announcement,effects economy,yields abroad,navigating crisis,inflation readings,ideas finance,fed historical,pandemic oklahoma,resilient capitalized,agencies emphasize,strengthening communities,payrolls expanded
word_60,level reserves,policymakers commitment,virtual investment,committee discussed,training regulators,catastrophe losses,credit recessions,technological change,global banking,personal income,implement monetary,asian crisis,returning inflation,global financial,term fed,states coronavirus,institutions resiliency,technology blockchain,helping funders,wages tightness
word_61,reserves daily,policymakers community,mitigating spillovers,fomc subcommittee,encouraged regulators,sequencing stress,recession depression,recent quarters,banks underlies,macroeconomic fundamentals,dollar damping,housing crises,trend inflation,organizations lenders,meeting federal,vaccines monetary,tightening balance,agencies meantime,middle class,labor demand
word_62,reserve responsibilities,policy debate,goods strength,meetings inclusive,academic regulatory,risks capital,recession difficult,forecasters significant,failed banks,2022 economy,strong fiscal,crisis regulation,inflation housing,financial disclosure,views federal,virus caregiving,ensuring robust,model citizen,participation rate,jobs october
word_63,reserve act,optimism policies,easing standards,conference frankfurt,understanding regulations,stress liquidity,recessions great,recent declines,mitigation banks,aggregate economic,spillovers monetary,crisis alternative,inflation yardstick,financial distress,federal debt,pandemic shutdown,safeguarding stability,cra modernization,housing affordability,extended unemployment
word_64,reserve communication,policymakers addressing,securities cross,civil rights,testing regulators,stresses borrowers,recession peak,end 2021,recapitalizing bank,nominal gdp,targeted fiscal,crisis reforms,percent inflation,international finance,fdic recover,services coronavirus,strengthened capital,agency problems,housing act,pace payrolls
word_65,reserve maximum,policy discussions,sales damped,goal fomc,enjoyable regulators,stress failure,recession recovery,slowdown china,banks focus,gdp evidence,tightening euro,crisis productivity,inflation estimated,financial panic,implemented federal,19 coronavirus,reliable instant,innovation thinktech,growing rural,unemployment rates
word_66,reserve conducts,policy discussion,supply imbalances,addressing 2019,approach regulators,stress basel,recessions characterized,exhilarating profitable,discourage banks,economy downturns,elb monetary,crisis empirical,inflation measured,leading financial,including federal,covid look,technology stablecoins,focus remarks,challenges homelessness,unemployment gaps
word_67,reserve goals,recovery policy,trend demand,coloradans outlook,international regulators,stresses foreign,recession unemployment,2012 forecast,community banks,economic outlook,flows dollar,euro crisis,average inflation,finances rich,developed federal,districts covid,stability fsb,reasons convening,strengthen communities,decline unemployment
word_68,reserve price,policy symposiums,prices threatening,convene meetings,regulators working,shocks contribute,recessions dashed,renewed downturn,regulation banking,economy early,spending continues,crisis levels,inflation average,debt remarks,fdic insured,disparities infection,resilience systemic,effectiveness forward,poverty education,wages rising
word_69,reserve transparent,policy strengthened,market somc,addition dodd,robust regulation,stress capital,pandemic recession,incomes growing,banking regulation,introduction macroeconomic,national payments,emergency measures,,decentralized finance,federal reserve,pandemic arrived,hold capital,stakeholders focus,youth development,payrolls increased
word_70,,states strengthened,consistent price,divergence countries,regulator internationally,savings fear,unemployment recessions,substantial increase,existing banking,economic adjust,global payments,crisis frameworks,,platform lending,perceive federal,recovery covid,fortify resilience,efforts strengthen,racial disparities,rates employment
word_71,,fail policies,securities opposed,fomc soon,regulators leverage,financial risks,unemployment recession,assets increasing,utah bankers,economy endure,monetary accommodation,crisis errors,,emergency lending,understand federal,covid loved,stablecoins digital,effective education,community development,describing workforce
word_72,,supervision insurance,sales externalities,potential hopeful,regulators benefited,stimulus risks,recessions reasons,maximum sustainable,bank failure,economy threatening,utility bills,crises shortfalls,,community lend,noted federal,vaccinations continues,stablecoins serve,mitigate systemic,resilience households,jobs new
word_73,,policymaking grounded,prices global,meeting secure,regulatory guardrails,risks gdp,recessions women,recent volatility,banks fed,economist political,fiscal support,crises declined,,financial globalization,concerns federal,recoveries vaccinations,accounts stablecoins,center strategic,crowdfunding community,women advancement
word_74,,bipartisan policy,market committee,regard basel,regulators monitoring,liquidity risk,recession providence,observations friedman,global banks,economy contacts,liquidity treasury,disruptions russia,,transparency financial,joining federal,progress vaccinations,stability tools,ongoing insight,rebuild communities,meet payroll
word_75,,recommendations reform,spillovers foreign,collapse gpc,,risk day,recession commentators,2021 deficit,discouraged banks,community economy,remove monetary,crisis euro,,greening financial,2020 fed,,integrity scalability,infrastructure support,recovery housing,employment resilience
word_76,,hosting policymakers,customer trades,bar association,,american susceptibility,briefest recession,trend increases,banking premise,tip economy,goals monetary,costs crisis,,lower borrowing,fed listens,,,importance lean,sectoral partnerships,rate labor
word_77,,forecasters policymakers,requirements liquidity,greenspan predecessors,,board stress,recessions committee,lower predictability,banks community,economy exchange,continued fiscal,panics statutory,,responsibility finances,challenges federal,,,technologies disrupt,communities serving,maximum employment
word_78,,policymakers views,concerning industry,today fomc,,risk stressed,,run gradual,british bankers,energy sector,politicization monetary,slowdown crisis,,ai financial,ago fed,,,analytic foundations,investment tribal,payrolls growing
word_79,,policymakers conjured,increases shortages,dodd frank,,effects hurricane,,effects declines,reserves banking,broader economy,fiscal discipline,crisis limit,,financial stresses,expect federal,,,additional stimulus,estate sector,november job
word_80,,lawmakers study,rates weakening,takeaways speech,,mitigate climate,,years conflicting,massachusetts bankers,challenges gdp,documents easing,saving emergencies,,lending rulemakings,require fed,,,systemically important,sector traditionally,employment women
word_81,,mitigated policymakers,firms limits,statements monnet,,forecasts risk,,effects climate,banks promote,economy limits,fiscal stimulus,crisis requirements,,conference financial,vetted federal,,,externalities sfts,ensure housing,women employment
word_82,,regimes concern,preservation liquidity,alexander conference,,stress testing,,programs decline,banks faster,economy improve,digital currency,rate crisis,,finance shortcomings,insured federal,,,stakeholders highlighted,outreach initiative,payrolls reported
word_83,,fomc policy,spillovers united,ceraweek conference,,risks climate,,incomes rising,banking unnecessary,economic future,treasury auctions,crisis mortgage,,macro finance,fed predictable,,,emphasize history,including homebuilders,unemployment surged
word_84,,policy view,law microeconomics,douglas contributions,,test stress,,forecast right,complex banking,economy approaching,euros systems,rates crisis,,financial native,normalization federal,,,reflect broader,women minorities,nonfarm payroll
word_85,,targeting regimes,border spillovers,arminio tenure,,basel risk,,lingering imbalance,banking regulators,anticipated economic,raising deposits,crisis percent,,keeping credit,cbdc federal,,,stakeholders variety,making neighborhoods,unemployment rate
word_86,,policy accelerating,mitigating sales,counter otc,,risk libor,,japan expectations,banks ensuring,macroeconomists far,currently trillion,,,troubled mortgages,role federal,,,hbcu entrepreneurial,customers neighbors,unemployment declining
word_87,,policy statements,advancing diversification,conferences mena,,stress limit,,yields late,improve bank,make economy,demonstrated monetary,,,mortgage markets,transparency federal,,,input stakeholders,year community,employment experiences
word_88,,rethinking policymakers,firms suggest,united states,,external shocks,,forecasts decline,banks policymaking,robustly economy,timing fiscal,,,lending standards,guidance federal,,,sustainability standards,agricultural community,wages seen
word_89,,researchers policymakers,discussions market,conference award,,shocks related,,assets fall,health banking,slows economy,treasury returns,,,ensure credit,fdic federal,,,research effects,americans rely,unemployment trend
word_90,,mitigation efforts,diversification things,novo formations,,stress minimum,,imbalances today,shadow banking,household economics,make monetary,,,funding systemically,fed hosted,,,challenges facing,diversity efforts,continue working
word_91,,policy strategy,consumer demand,gatherings incredibly,,sale risks,,quarter 2020,important banks,economic club,currencies cbdcs,,,borrower quality,range federal,,,effective educations,encouraging diversity,rewarding career
word_92,,proposed plan,stakeholders libor,welcome conference,,scap stress,,recent estimates,community banker,macroeconomic vulnerabilities,support fiscal,,,credit intermediation,thanks federal,,,concepts employed,york citizens,work life
word_93,,legislation failed,derivatives reform,washington focused,,macroprudential stress,,climate roadmap,approach banking,economy shocks,communities monetary,,,cheered finance,francisco fed,,,abroad supportive,housing slow,unemployment rise
word_94,,policy debates,reflect firms,steinberg members,,climate risks,,disparities decline,scale banking,economic downturn,currencies enlarge,,,financial shocks,fed create,,,metrics assessing,shelter continues,workers lost
word_95,,policymakers understand,traders slower,date fca,,depression stagflation,,2020 projected,banking banking,economy chip,fintech treasury,,,severity financial,changes federal,,,new strategy,lend communities,drop labor
word_96,,policy pace,consumer transactions,march 2008,,insured weather,,sectors reopening,border banking,economy shape,department treasury,,,largest financial,thank federal,,,agencies possible,inclusion americans,pace hiring
word_97,,unconventional policy,quality capital,ides march,,,,forecasts good,academia banking,economy vulnerable,dollar chinese,,,bankruptcy systemically,weakens federal,,,york innovation,areas credit,rebound employment
word_98,,policies slowing,hurting exports,south dakota,,,,sustainable global,banks conference,understanding economy,addition fiscal,,,credit trends,sits federal,,,example fundrise,customers meet,september labor
word_99,,government washington,prices increased,chairman anticipated,,,,forecasters revised,banks help,assess macroeconomic,treasury lsaps,,,term creditors,view federal,,,experiences futures,american families,payroll growth
word_100,,lifetimes policymakers,consumer facing,completed basel,,,,forecasts unacceptably,firms bank,read keynes,little savings,,,decrease financial,fednow service,,,expectations decisionmakers,percentiles income,wages draw
word_101,,mexican policymakers,marketeers long,cra landmark,,,,march 2021,banks harm,assessment economy,liquid savings,,,funding context,fdic impose,,,reiterated assess,community outreach,morning labor
word_102,,policy forum,reuters fixing,aea summer,,,,latest indicators,banks liquidity,real gdp,trillion excess,,,worried lenders,teachers federal,,,growing digital,public health,employment rebounded
word_103,,single policy,exports boosts,cftc conducted,,,,rebounded june,ensure banking,unprofessional economists,changes fiscal,,,devoted refinancing,founding federal,,,indicators looked,natives unbanked,create jobs
word_104,,policymaker brief,rates succeeding,inaugural conference,,,,forecast changes,reforms nonbank,economic shocks,spending remains,,,debt contrasts,forecast federal,,,health care,diversity fed,paycheck waiting
word_105,,policymakers want,raising consumer,conference community,,,,2024 forecast,banks fintech,gdp debt,payment innovations,,,rates financial,review fed,,,broadly board,racial differences,unemployment signs
word_106,,states advanced,demand contrast,center indian,,,,trend growth,banking necessary,economic historians,budgeting saving,,,lender borrowers,fed curve,,,disruptions education,groups tend,mississippi vocational
word_107,,proposes regime,businesses turn,richmond robins,,,,estimates decline,characteristics banking,macroeconomic effects,fiscal structural,,,funding structures,thursday federal,,,fail reform,society provide,employment fall
word_108,,policymakers gathering,rate reform,thanks kansas,,,,facing slowdown,banking conversations,economy benefits,spending services,,,funds immediately,vulnerabilities federal,,,supervisory challenges,communities midwest,return employment
word_109,,outcomes americans,rate rising,greater basel,,,,texas reduce,bank cleveland,economy continued,payments innovation,,,lower funding,fed toolkit,,,proposal investigated,york neighborhoods,employment sluggish
word_110,,measures reform,arbitrage limitations,lehman brothers,,,,quarter slowdown,resolvability banking,economy low,border payments,,,lenders small,review federal,,,1970s barriers,census tracts,average unemployment
word_111,,policy adjustment,supply bottlenecks,cotney welcoming,,,,2022 real,reserve bank,affect economy,upcoming fiscal,,,lending deteriorate,fed evaluate,,,directors impact,aspiring homeowners,employment price
word_112,,mandate today,affecting consumers,turning institution,,,,easing appeared,federal banking,economy begins,communicating monetary,,,collateralized claims,limit federal,,,tentative progress,concerns community,
word_113,,policy responses,rates surged,default clearing,,,,better estimates,banks shadow,economy strengthen,safe treasury,,,continue lend,roundtables federal,,,outlook macroeconomy,community facilities,
word_114,,usa advocacy,surge demand,2019 review,,,,increasing saving,diversity banking,gdp collapsed,payment infrastructure,,,funding affordable,rate federal,,,expansion benefiting,thrive school,
word_115,,mandate good,trade negotiations,history west,,,,fomc decline,bank remain,douglas economist,abroad balance,,,percent financial,cost federal,,,framework systemically,communities assessing,
word_116,,discussing state,firms idiosyncratic,2020 context,,,,2020 growth,banking agencies,economy continues,funds service,,,loan quality,,,,meaningful stakeholders,sponsor local,
word_117,,policy errors,rates reasons,summit conversations,,,,cryptocurrencies grew,bank shortcomings,promoting economic,payments concept,,,finance symposium,,,,theory milton,communities proposal,
word_118,,policymakers succeeded,consumers convenience,cbdc american,,,,2016 estimates,banking facilitators,economic viability,hot money,,,credit availability,,,,spends hours,advocacy services,
word_119,,policy postmeeting,rates remain,denver approach,,,,signs firming,banks failed,deficits asia,fiscal tools,,,structured investment,,,,reopening largely,revitalize communities,
word_120,,promote policy,fluctuations preferences,bound zlb,,,,maintaining low,bank views,steering economy,online payments,,,inequity credit,,,,advantage disclosures,ridge reservation,
word_121,,policymakers encouraged,safeguarding consumers,fomc participants,,,,chicago effect,ensure banks,economy achieving,currencies sovereign,,,finance students,,,,digitized assets,prescription housing,
word_122,,policy rate,firms proceeding,basel iii,,,,2021 forward,banks interacting,economy health,payment innovation,,,lenders increased,,,,participation evolve,neighborhoods cra,
word_123,,policy diverges,libor intervention,sponsoring conference,,,,forecasters past,banks portfolios,economy expanded,expenditures pce,,,credit community,,,,insights conference,sustainable communities,
word_124,,policies correlated,foreign rates,reform dodd,,,,significant clearing,banks fear,economy decade,payments digitalization,,,lending stressed,,,,organizations gsibs,community advisory,
word_125,,policy harry,internet raise,fomc colleagues,,,,significant bounceback,bank research,economics woman,savings need,,,wholesale funding,,,,panelists exploring,understanding community,
word_126,,discussion policy,driven consumer,universe seats,,,,decline cut,world bank,economy progresses,emergency payments,,,delay lending,,,,reckoning racial,communities chartered,
word_127,,check partisan,libor reforms,appeal event,,,,today 2020,bank regulatory,test economy,balances fomc,,,funding governance,,,,infrastructures cpmi,building means,
word_128,,congress action,libor safeguards,america stands,,,,concern smaller,covered banks,economy closing,establish payment,,,prudential regulation,,,,urged unity,tribal stakeholders,
word_129,,policy data,reform rate,bernanke remarks,,,,estimates predicted,international banking,gdp measurement,stimulus arriving,,,agricultural finance,,,,transparency academic,increase caregiving,
word_130,,policy simulations,exports slowed,neoclassical headquarters,,,,investment slowed,requirements banking,gdp spillovers,sovereign bonds,,,funds home,,,,ongoing improvement,communities cra,
word_131,,goals congress,consumers proposals,1930s actively,,,,decline quarter,ensuring banks,economy continue,treasury ceased,,,improve credit,,,,data use,served ranchers,
word_132,,policy normalization,rate increase,announcement swiss,,,,exclusively reducing,bundesbank emerged,international economy,payments mexican,,,credit channels,,,,based forward,inaugural community,
word_133,,mandate goals,increases import,fomc meeting,,,,conditioned climate,road banking,economy outperforming,unprecedented fiscal,,,concern fintech,,,,framework elaborated,neighborhoods red,
word_134,,policy deliberations,prices energy,enactment dodd,,,,forecasts neutral,bank presidents,economic transition,billion noncash,,,functioning credit,,,,cra reform,baltimore community,
word_135,,catchphrase policymakers,consumption reopening,chairman greenspan,,,,factors low,meetings bankers,economy grow,held cryptocurrency,,,business debt,,,,support stakeholders,maintain utah,
word_136,,congress goals,goods described,union began,,,,2020 good,banking career,economy contrast,dollar redemption,,,benefits financial,,,,revise capital,environment american,
word_137,,dual mandate,support libor,join commonwealth,,,,2020 22,bank supervisory,boston economic,balance sheet,,,mortgage backed,,,,issues diversity,return community,
word_138,,belief policymaking,restoring price,thank brookings,,,,detailed quarterly,bank canada,economy maximum,depreciated euro,,,diversity financial,,,,dealing systemically,protection community,
word_139,,stance reaganites,maintaining rate,review fomc,,,,discussing low,bank atlanta,economy cloud,headwinds fiscal,,,collateral like,,,,assessment systemic,understand communities,
word_140,,,island business,mandate taylor,,,,pace september,banks agricultural,chicago economy,tailwinds fiscal,,,regulation prudential,,,,academically successful,king home,
word_141,,,mergers exits,recent survey,,,,2021 revisions,banks supervisors,weaken economy,health fiscal,,,investments outlined,,,,level innovations,woods institutions,
word_142,,,afflicted supply,countries today,,,,fed underestimating,banker survived,economy benoit,bills bonds,,,strengthen prudential,,,,macro fundamentals,tribal areas,
word_143,,,energy prices,rostow greatly,,,,influencing long,financial nonbanks,gdp rose,core deposits,,,funding periods,,,,large data,hispanic family,
word_144,,,rate unconventional,record shared,,,,income recent,newbank dormant,path economy,payment check,,,liquidations trust,,,,issue accountability,understand community,
word_145,,,sales consumer,great nation,,,,utilization gaps,banking regulations,weakens economy,payments tools,,,disclosed fintech,,,,agencies consider,residents clark,
word_146,,,nudges consumers,occasion conference,,,,readings anticipating,bank president,economy husband,ledger approaches,,,financial autopilots,,,,supervisory framework,regional food,
word_147,,,farm profitability,opening new,,,,soon tapering,redlining banks,economy growth,digital ledgers,,,improve collateral,,,,improve proponents,racially diverse,
word_148,,,benefits consumers,founding fathers,,,,current estimates,canada bank,global economy,distributed ledgers,,,investor redemptions,,,,transparency public,housing prices,
word_149,,,changes discount,delta mvsu,,,,period low,bank philadelphia,widening wealth,distributed ledger,,,customer mortgage,,,,scrutiny mergers,communities enable,
word_150,,,apple profits,navy greece,,,,performance 2020,systems banks,economists historians,sizes depository,,,mortgages market,,,,caribbean topic,webinar community,
word_151,,,rates discourage,herbert stein,,,,increased women,bank supervision,york economic,balance sheets,,,businesses credit,,,,principles underway,,
word_152,,,rates young,amendment 1920,,,,forecasts productivity,banking law,economic measurement,cryptocurrencies introduce,,,institutional investors,,,,analysis expertise,,
word_153,,,oil prices,morning kansas,,,,quarter returning,banks substitute,view economic,ledger technology,,,assets leverage,,,,raising concerns,,
word_154,,,global crosscurrents,club nonpartisan,,,,years smoothing,banks uab,economy gender,meeting exchequer,,,bankruptcy climate,,,,stakeholders path,,
word_155,,,dealers reconsidering,fomc considers,,,,developments energy,capitalized banks,healthy economy,bitcoin emergence,,,bankruptcy resolution,,,,current framework,,
word_156,,,rates guidance,earliest central,,,,declines income,bundesbank relationships,economies hampered,stand money,,,fintech emerging,,,,laundering countering,,
word_157,,,rigging libor,conference gender,,,,resale deteriorating,evaluate banks,research economists,monitor cryptocurrencies,,,debt aging,,,,homebuilder sentiment,,
word_158,,,price oil,fomc published,,,,productivity growth,banks substantively,tribal economic,paycheck protection,,,stimulus business,,,,responds stakeholders,,
word_159,,,index cpi,affiliations hoover,,,,summer better,banks conduct,israeli economy,countercyclical capital,,,macroprudential regulation,,,,criminal prosecutions,,
word_160,,,derivatives central,anniversary founding,,,,current pace,nonbank issuers,forecasting economy,called peso,,,reforms prudential,,,,exploring today,,
word_161,,,neutral rate,abu dhabi,,,,forecasting extracting,soundness banking,economist looks,,,,finances students,,,,efforts improved,,
word_162,,,rate elb,approach fomc,,,,sentiment improved,test banks,consumers economists,,,,investments discuss,,,,history indication,,
word_163,,,mandate price,g20 presidency,,,,forecasts expected,resolving banking,strength economy,,,,share fintech,,,,decisionmaking researchers,,
word_164,,,libor stops,failure lehman,,,,mexico growth,banks foreign,economics profession,,,,asset purchase,,,,monitoring efforts,,
word_165,,,buying mbs,law center,,,,consumption lower,bank formations,consumption expenditures,,,,credit triggering,,,,undermines american,,
word_166,,,house prices,launch meeting,,,,asia growth,banks room,rebound gdp,,,,insolvent creditors,,,,strengthen ccps,,
word_167,,,standardized derivatives,opening hope,,,,emissions unanticipated,banking nbfi,economy potential,,,,credit underwriter,,,,remarks causes,,
word_168,,,libor benchmarks,sheet fomc,,,,year growth,bank independence,recognition economists,,,,microprudential perspective,,,,feedback stakeholders,,
word_169,,,ultralow rates,introduced december,,,,pace productivity,banks proceedings,economic education,,,,meeting credit,,,,impact ag,,
word_170,,,percent airlines,forceful fomc,,,,cbo estimates,banks weather,economists technophiles,,,,loans insured,,,,goals core,,
word_171,,,reference rate,giving speech,,,,homebuying recent,accessible banks,emerging economies,,,,credit meeting,,,,supervisory assessments,,
word_172,,,,elements basel,,,,2015 estimated,characterize banks,macroeconomists interaction,,,,bailouts systemically,,,,graduates understand,,
word_173,,,,aftermath gfc,,,,rate september,bank brazil,declining gdp,,,,funds hedge,,,,data trying,,
word_174,,,,thank senator,,,,gains maintain,bank kansas,economies latin,,,,prudential concerns,,,,supervisory concerns,,
word_175,,,,services meet,,,,estimated increased,deposits banks,exports emerging,,,,corporate securities,,,,principles guiding,,
word_176,,,,gratitude frontlines,,,,visits increased,expertise bank,economics educators,,,,credit contrast,,,,encourage stake,,
word_177,,,,women history,,,,adjustment conventional,bank reputation,gdp growth,,,,home equity,,,,notes freelancers,,
word_178,,,,city club,,,,overheating episodes,banks designed,economists forecasting,,,,intensified prudential,,,,securitization infrastructure,,
word_179,,,,fomc concluded,,,,reducing greenhouse,bank san,household consumption,,,,effect mortgage,,,,supervisory criticism,,
word_180,,,,thanking contributions,,,,annual pace,bank rochester,economy weakens,,,,conflict debt,,,,creativity continue,,
word_181,,,,banque france,,,,normal longer,banks courage,normative economics,,,,funds wholesale,,,,effective oversight,,
word_182,,,,commercial voyages,,,,aging population,conventional bank,advanced economies,,,,foreclosure crisis,,,,neural networks,,
word_183,,,,agree congress,,,,year average,banks bear,foreign gdp,,,,importance usury,,,,achieving starting,,
word_184,,,,benefited icba,,,,,traditional bank,economic indigenous,,,,funding vulnerabilities,,,,proposing changes,,
word_185,,,,travelling kansas,,,,,intermediation nonbanks,sluggish economic,,,,microprudential oversight,,,,fsb roadmap,,
word_186,,,,shultz partnership,,,,,unsecured interbank,economics career,,,,securities settlement,,,,strengthen study,,
word_187,,,,implicated lehman,,,,,procedures bank,childhood economic,,,,reduce leverage,,,,debate foster,,
word_188,,,,establishing european,,,,,bank unique,undergraduate economics,,,,bankruptcy largest,,,,rigorous criticism,,
word_189,,,,indiana lunch,,,,,founding riksbank,economic projections,,,,underpinnings leverage,,,,aspirations differ,,
word_190,,,,massachusetts bureau,,,,,,gdp declined,,,,lending discrimination,,,,review briefly,,
word_191,,,,ecb coincided,,,,,,israel economic,,,,fintech innovation,,,,baseball strategy,,
word_192,,,,island represented,,,,,,trend gdp,,,,costly foreclosures,,,,obtaining maintaining,,
word_193,,,,aftermath lehman,,,,,,gdp estimated,,,,reinvestment act,,,,inclusive recovery,,
word_194,,,,1999 imf,,,,,,economics textbooks,,,,macroprudential perspective,,,,suggestions scrutiny,,
word_195,,,,americans museum,,,,,,japanese economy,,,,prudential objectives,,,,hayek studies,,
word_196,,,,delighted peterson,,,,,,world gdp,,,,macroprudential responsibilities,,,,assessing cra,,
word_197,,,,black colleges,,,,,,hurricanes economy,,,,earnings policymakers,,,,undermined actions,,
word_198,,,,eccles family,,,,,,developing countries,,,,discriminatory lending,,,,research foundation,,
word_199,,,,emerged young,,,,,,contributes wealth,,,,leverage overdependence,,,,significant steps,,
word_200,,,,future janus,,,,,,teaching economics,,,,mortgages cited,,,,strengthening cra,,
word_201,,,,failure sifi,,,,,,economics undergraduates,,,,cra credit,,,,work overseeing,,
word_202,,,,college enrollment,,,,,,product gdp,,,,transactions facilitated,,,,greeks improved,,
word_203,,,,immensely important,,,,,,economy climate,,,,resolution bankruptcy,,,,recent developments,,
word_204,,,,women day,,,,,,gdp ratio,,,,quality mortgage,,,,current stance,,
word_205,,,,fsb celebrating,,,,,,economies sweden,,,,bankruptcy orderly,,,,carbon disclosure,,
word_206,,,,students today,,,,,,economic inequality,,,,funding necessary,,,,refinement rigorous,,
word_207,,,,references samuelson,,,,,,,,,,crypto investors,,,,contemplating stars,,
word_208,,,,celebration today,,,,,,,,,,macroprudential risks,,,,targeting framework,,
word_209,,,,oath affirmed,,,,,,,,,,taxpayer bailouts,,,,partnerships online,,
word_210,,,,yorkers attending,,,,,,,,,,reducing mortgage,,,,measures begun,,
word_211,,,,join nashville,,,,,,,,,,greek debt,,,,supervisory rating,,
word_212,,,,teresa curran,,,,,,,,,,credit disparities,,,,participation effectiveness,,
word_213,,,,founding 1913,,,,,,,,,,service debt,,,,note flexibility,,
word_214,,,,herb stein,,,,,,,,,,fintech fall,,,,imf pioneering,,
word_215,,,,charles cobb,,,,,,,,,,leverage equity,,,,contributions ethics,,
word_216,,,,thank swiss,,,,,,,,,,macroprudential rationale,,,,novelty think,,
word_217,,,,cross border,,,,,,,,,,savings continue,,,,framework adopted,,
word_218,,,,century struggle,,,,,,,,,,loans increase,,,,educators restructure,,
word_219,,,,perspective washington,,,,,,,,,,prudential oversight,,,,measures commissioner,,
word_220,,,,thank president,,,,,,,,,,liquidation defaulting,,,,standards achieve,,
word_221,,,,patina earned,,,,,,,,,,developments fintech,,,,help students,,
word_222,,,,emerging asian,,,,,,,,,,reinvestment coalition,,,,service profound,,
word_223,,,,kansas women,,,,,,,,,,states collateralized,,,,accountability challenging,,
word_224,,,,interagency conference,,,,,,,,,,funding costs,,,,expected guidance,,
word_225,,,,future dinner,,,,,,,,,,improving mortgage,,,,open communication,,
word_226,,,,pleasure stanford,,,,,,,,,,debt high,,,,resolution systemically,,
word_227,,,,rate shekel,,,,,,,,,,fewer macroprudential,,,,chairman supervision,,
word_228,,,,previously phillips,,,,,,,,,,funds short,,,,clean debate,,
word_229,,,,work ucns,,,,,,,,,,lending plays,,,,mitigating systemic,,
word_230,,,,lovely campus,,,,,,,,,,yields mortgage,,,,critical thinking,,
word_231,,,,setting commencement,,,,,,,,,,subprime mortgages,,,,statistics bls,,
word_232,,,,visit utah,,,,,,,,,,income durable,,,,revised interagency,,
word_233,,,,began lehman,,,,,,,,,,fintech developments,,,,effective communication,,
word_234,,,,richmond today,,,,,,,,,,observed mortgages,,,,dealing failing,,
word_235,,,,virginia located,,,,,,,,,,critical macroprudential,,,,established sawmill,,
word_236,,,,important rhode,,,,,,,,,,riskless assets,,,,relief suffering,,
word_237,,,,transparency otc,,,,,,,,,,successful macroprudential,,,,public engagement,,
word_238,,,,today yale,,,,,,,,,,investors low,,,,enabled disruption,,
word_239,,,,ukraine attack,,,,,,,,,,mortgages mortgage,,,,interventions adaptations,,
word_240,,,,carroll wright,,,,,,,,,,manage leverage,,,,streamlining report,,
word_241,,,,williams award,,,,,,,,,,leverage information,,,,noted smartphones,,
word_242,,,,attend awards,,,,,,,,,,underlying collateral,,,,obscured ambiguous,,
word_243,,,,revisions foreign,,,,,,,,,,fintech apps,,,,tech support,,
word_244,,,,pleasure israel,,,,,,,,,,income underserved,,,,sample approaches,,
word_245,,,,wicksell discusses,,,,,,,,,,savings downside,,,,consideration egrpra,,
word_246,,,,delighted haas,,,,,,,,,,sluggish creditworthiness,,,,goals communicate,,
word_247,,,,happy kansas,,,,,,,,,,credit apprenticeship,,,,reputations tarnished,,
word_248,,,,cryptographically today,,,,,,,,,,preventing foreclosures,,,,timely dependable,,
word_249,,,,women suffered,,,,,,,,,,macroprudential policies,,,,raise target,,
word_250,,,,bernanke honor,,,,,,,,,,credit native,,,,data new,,
word_251,,,,winning deutsche,,,,,,,,,,types collateral,,,,leadership ecb,,
word_252,,,,hyman minsky,,,,,,,,,,encourage asset,,,,establish branches,,
word_253,,,,graduates brown,,,,,,,,,,diminishing foreclosure,,,,retention securitization,,
word_254,,,,pages father,,,,,,,,,,traditional microprudential,,,,agencies responsibilities,,
word_255,,,,women suffrage,,,,,,,,,,importance macroprudential,,,,distinguished objectives,,
word_256,,,,kenneth students,,,,,,,,,,insurance firms,,,,performance community,,
word_257,,,,romans deadline,,,,,,,,,,unexpected expenses,,,,approaching ccyb,,
word_258,,,,michel camdessus,,,,,,,,,,legacy contracts,,,,testing regime,,
word_259,,,,president al,,,,,,,,,,indemnification securities,,,,fsb exploring,,
word_260,,,,simon kuznets,,,,,,,,,,mortgages overburdened,,,,uses london,,
word_261,,,,fsb 10,,,,,,,,,,deposit insurance,,,,fiduciary duties,,
word_262,,,,college step,,,,,,,,,,refer macroprudential,,,,encourage bigness,,
word_263,,,,ebenezer baptist,,,,,,,,,,homebuyers credit,,,,addressing reputational,,
word_264,,,,thank dean,,,,,,,,,,rate mortgages,,,,redlining racial,,
word_265,,,,issues event,,,,,,,,,,underlying dodd,,,,issues degree,,
word_266,,,,antwerp turning,,,,,,,,,,corporate charters,,,,efforts women,,
word_267,,,,visited detroit,,,,,,,,,,tax experts,,,,thinking pertaining,,
word_268,,,,underrepresented undergraduate,,,,,,,,,,securities behalf,,,,intellectual passion,,
word_269,,,,graduating seniors,,,,,,,,,,foreclosure progress,,,,tests strengthens,,
word_270,,,,warships revolutionized,,,,,,,,,,deferred settlement,,,,invention trireme,,
word_271,,,,pleasure baltimore,,,,,,,,,,securities mbs,,,,review good,,
word_272,,,,randy fortunate,,,,,,,,,,private capital,,,,learning approaches,,
word_273,,,,equation woodford,,,,,,,,,,capital requirements,,,,securitization practices,,
word_274,,,,rubens painted,,,,,,,,,,insurance global,,,,requirements holding,,
word_275,,,,madrid person,,,,,,,,,,bond returns,,,,neutral nominal,,
word_276,,,,ring fencing,,,,,,,,,,assessing capital,,,,committee transparency,,
word_277,,,,dean law,,,,,,,,,,leverage ratios,,,,reporting taking,,
word_278,,,,thunder valley,,,,,,,,,,bail concepts,,,,improve fsb,,
word_279,,,,europe dominance,,,,,,,,,,capital unexpected,,,,amended cra,,
word_280,,,,created congress,,,,,,,,,,contracts reference,,,,cra assessment,,
word_281,,,,reading michael,,,,,,,,,,homes foreclosure,,,,cbdc discussion,,
word_282,,,,awe admiration,,,,,,,,,,,,,,consistent guidance,,
word_283,,,,nobel prize,,,,,,,,,,,,,,counterparty ccp,,
word_284,,,,tuition princeton,,,,,,,,,,,,,,fraud need,,
word_285,,,,years 1891,,,,,,,,,,,,,,encouraging students,,
word_286,,,,path higher,,,,,,,,,,,,,,cbdc concern,,
word_287,,,,predicting protein,,,,,,,,,,,,,,moral trait,,
word_288,,,,facebook libra,,,,,,,,,,,,,,board review,,
word_289,,,,william buckley,,,,,,,,,,,,,,textual analysis,,
word_290,,,,bernanke appealing,,,,,,,,,,,,,,ensuring cra,,
word_291,,,,congratulating graduates,,,,,,,,,,,,,,describing supervisory,,
word_292,,,,good cincinnati,,,,,,,,,,,,,,manipulation evasion,,
word_293,,,,congratulate parents,,,,,,,,,,,,,,help young,,
word_294,,,,kandel nyu,,,,,,,,,,,,,,reaffirmation consensus,,
word_295,,,,kohn regrets,,,,,,,,,,,,,,online health,,
word_296,,,,reading joan,,,,,,,,,,,,,,anhd strengthen,,
word_297,,,,fatal airplane,,,,,,,,,,,,,,allows daughters,,
word_298,,,,visit scranton,,,,,,,,,,,,,,inclusion enduring,,
word_299,,,,philosopher philosopher,,,,,,,,,,,,,,ccar review,,
word_300,,,,pioneered japan,,,,,,,,,,,,,,cbdcs advocates,,
word_301,,,,won nobel,,,,,,,,,,,,,,public discussion,,
word_302,,,,annoying participant,,,,,,,,,,,,,,service timely,,
word_303,,,,difference phoenicians,,,,,,,,,,,,,,finalizing framework,,
word_304,,,,,,,,,,,,,,,,,,outline specific,,
word_305,,,,,,,,,,,,,,,,,,care ensure,,
word_306,,,,,,,,,,,,,,,,,,transfer information,,
word_307,,,,,,,,,,,,,,,,,,framework review,,
word_308,,,,,,,,,,,,,,,,,,make accurate,,
word_309,,,,,,,,,,,,,,,,,,branches failing,,
word_310,,,,,,,,,,,,,,,,,,timeliness simplicity,,
word_311,,,,,,,,,,,,,,,,,,reopening stronger,,
word_312,,,,,,,,,,,,,,,,,,raghu insights,,
word_313,,,,,,,,,,,,,,,,,,review assessing,,
word_314,,,,,,,,,,,,,,,,,,perceived trustworthiness,,
word_315,,,,,,,,,,,,,,,,,,prepare students,,
word_316,,,,,,,,,,,,,,,,,,establishing new,,
word_317,,,,,,,,,,,,,,,,,,fundamental brain,,
word_318,,,,,,,,,,,,,,,,,,information age,,
word_319,,,,,,,,,,,,,,,,,,diverse leadership,,
word_320,,,,,,,,,,,,,,,,,,children hopeful,,
word_321,,,,,,,,,,,,,,,,,,trust racial,,
word_322,,,,,,,,,,,,,,,,,,advances communication,,
word_323,,,,,,,,,,,,,,,,,,architecture iphone,,
word_324,,,,,,,,,,,,,,,,,,law collaboration,,
word_325,,,,,,,,,,,,,,,,,,enduring curiosity,,
word_326,,,,,,,,,,,,,,,,,,monitoring framework,,
word_327,,,,,,,,,,,,,,,,,,frequently data,,
word_328,,,,,,,,,,,,,,,,,,childcare critical,,
word_329,,,,,,,,,,,,,,,,,,judicial response,,
word_330,,,,,,,,,,,,,,,,,,note conversations,,
word_331,,,,,,,,,,,,,,,,,,rigorous briefings,,
word_332,,,,,,,,,,,,,,,,,,faculty aggressive,,
word_333,,,,,,,,,,,,,,,,,,tests rigorously,,
word_334,,,,,,,,,,,,,,,,,,experiencing turning,,
word_335,,,,,,,,,,,,,,,,,,test supervisory,,
word_336,,,,,,,,,,,,,,,,,,egrpra review,,
word_337,,,,,,,,,,,,,,,,,,panels agreement,,
word_338,,,,,,,,,,,,,,,,,,stuffiness proceedings,,
word_339,,,,,,,,,,,,,,,,,,alternative normalization,,
word_340,,,,,,,,,,,,,,,,,,distinction character,,
word_341,,,,,,,,,,,,,,,,,,research cats,,
word_342,,,,,,,,,,,,,,,,,,track changes,,
word_343,,,,,,,,,,,,,,,,,,women leadership,,
word_344,,,,,,,,,,,,,,,,,,captured appropriate,,
word_345,,,,,,,,,,,,,,,,,,undergraduates audience,,
word_346,,,,,,,,,,,,,,,,,,identity safeguards,,
word_347,,,,,,,,,,,,,,,,,,perspectives sessions,,
word_348,,,,,,,,,,,,,,,,,,intelligence tools,,
word_349,,,,,,,,,,,,,,,,,,validation council,,
word_350,,,,,,,,,,,,,,,,,,tests disclosed,,
word_351,,,,,,,,,,,,,,,,,,lsap appealing,,
word_352,,,,,,,,,,,,,,,,,,meeting discussion,,
word_353,,,,,,,,,,,,,,,,,,guidance timing,,
word_354,,,,,,,,,,,,,,,,,,instrument independent,,
word_355,,,,,,,,,,,,,,,,,,readiness skills,,
word_356,,,,,,,,,,,,,,,,,,surgically skilled,,
word_357,,,,,,,,,,,,,,,,,,improving cryptographic,,
word_358,,,,,,,,,,,,,,,,,,instances misconduct,,
word_359,,,,,,,,,,,,,,,,,,discussing review,,
word_360,,,,,,,,,,,,,,,,,,hqla buffers,,
word_361,,,,,,,,,,,,,,,,,,recovery difficult,,
word_362,,,,,,,,,,,,,,,,,,testing cornerstone,,
word_363,,,,,,,,,,,,,,,,,,support mdis,,
word_364,,,,,,,,,,,,,,,,,,enhance cybersecurity,,
word_365,,,,,,,,,,,,,,,,,,revoke data,,
word_366,,,,,,,,,,,,,,,,,,teleconference certainly,,
word_367,,,,,,,,,,,,,,,,,,report telemedicine,,
word_368,,,,,,,,,,,,,,,,,,lcr definition,,
